<!DOCTYPE suite SYSTEM "http://testng.org/testng-1.0.dtd" >

<suite name="Test_SignUp" verbose="1" parallel="false">
<test name="FunctionalTest1">
    <classes>
        <class name="com.codelantic.tests.customer.SignUpTest">
            <methods>
                <include name="signupFlowTest_Get_Param_From_XML">
                    <parameter name="SIGNUP1_FN"            value="A101"/>
                    <parameter name="SIGNUP1_LN"            value="A101"/>
                    <parameter name="SIGNUP1_CONTACTNO"     value="123456"/>
                    <parameter name="SIGNUP1_UN"            value="UAU101@code.com"/>
                    <parameter name="SIGNUP1_PSWD"          value="123Qwe@#"/>
                    <parameter name="SIGNUP1_CNFM_PSWD"     value="123Qwe@#"/>
                    <parameter name="SIGNUP1_ADDRS"         value="mystreet"/>
                    <parameter name="SIGNUP1_POSTCODE"      value="00600"/>
                    <parameter name="SIGNUP1_COUNTRY"       value="Thailand"/>
                </include>
            </methods>
        </class>
    </classes>
</test>
    <test name="FunctionalTest2">
        <classes>
            <class name="com.codelantic.tests.customer.SignUpTest">
                <methods>
                    <include name="signupFlowTest_Get_Param_From_XML">
                        <parameter name="SIGNUP1_FN"            value="A101"/>
                        <parameter name="SIGNUP1_LN"            value="A101"/>
                        <parameter name="SIGNUP1_CONTACTNO"     value="123456"/>
                        <parameter name="SIGNUP1_UN"            value="UAU101@code.com"/>
                        <parameter name="SIGNUP1_PSWD"          value="123Qwe@#"/>
                        <parameter name="SIGNUP1_CNFM_PSWD"     value="123Qwe@#"/>
                        <parameter name="SIGNUP1_ADDRS"         value="mystreet"/>
                        <parameter name="SIGNUP1_POSTCODE"      value="00600"/>
                        <parameter name="SIGNUP1_COUNTRY"       value="Thailand"/>
                    </include>
                </methods>
            </class>
        </classes>
    </test>
</suite>